{
	"area": {
		"日本": "日本",
		"港台": "港台",
		"欧美": "欧美",
		"韩国": "韩国",
		"国产": "国产",
		"其他": "其他"
	},
	"smid": {
		"热血": 1,
		"武侠": 2,
		"搞笑": 3,
		"耽美": 4,
		"爱情": 5,
		"科幻": 6,
		"魔法": 7,
		"神魔": 8,
		"竞技": 9,
		"格斗": 10,
		"机站": 11,
		"体育": 12,
		"运动": 13,
		"校园": 14,
		"励志": 15,
		"历史": 16,
		"伪娘": 17,
		"百合": 18,
		"后宫": 19,
		"治愈": 20,
		"美食": 21,
		"推理": 22,
		"悬疑": 23,
		"恐怖": 24,
		"职场": 25,
		"剧情": 27,
		"生活": 28,
		"幻想": 29,
		"战争": 30,
		"仙侠": 33,
		"古风": 36,
		"玄幻": 37,
		"穿越": 38,
		"性转": 40,
		"冒险": 41,
		"其他": 32,
		"奇幻": 42
	},
	"order": {
		"最近更新": "addtime",
		"最新发布": "id",
		"人气最旺": "hits",
		"评分最高": "gold"
	}
}