{
	"types": {
		"全部": "",
		"儿童": "ertong",
		"少年": "shaonian",
		"少女": "shaonv",
		"青年": "qingnian"
	}, 
	"areas": {
		"全部": "",
		"日本": "riben",
		"国产": "guochan",
		"香港": "hongkong",
		"台湾": "taiwan",
		"欧美": "oumei",
		"韩国": "hanguo",
		"其他": "qita"
	},
	"viewer": {
		"全部": "",
		"12岁以下": "12suiyixia",
		"12-18岁": "12_18sui",
		"18-25岁": "18_25sui",
		"25岁以上": "25suiyishang"
	},
	"progress": {
		"全部": "",
		"已完结": "wanjie",
		"连载中": "lianzai"
	}
}