{
  "全部": 0,
  "冒险": 4,
  "欢乐向": 5,
  "格斗": 6,
  "科幻": 7,
  "爱情": 8,
  "侦探": 9,
  "竞技": 10,
  "魔法": 11,
  "神鬼": 12,
  "校园": 13,
  "恐怖": 14,
  "其他": 16,
  "四格": 17,
  "生活": 3242,
  "百合": 3243,
  "伪娘": 3244,
  "悬疑": 3245,
  "耽美": 3246,
  "热血": 3248,
  "后宫": 3249,
  "历史": 3250,
  "战争": 3251,
  "萌系": 3252,
  "宅系": 3253,
  "治愈": 3254,
  "励志": 3255,
  "武侠": 3324,
  "机战": 3325,
  "音乐舞蹈": 3326,
  "美食": 3327,
  "职场": 3328,
  "西方魔幻": 3365,
  "高清单行": 4459,
  "性转换": 4518,
  "东方": 5077,
  "扶她": 5345,
  "魔幻": 5806,
  "奇幻": 5848,
  "节操": 6219,
  "轻小说": 6316,
  "颜艺": 6437,
  "搞笑": 7568,
  "仙侠": 7900
}